,sensitivity1,sensitivity2,sensitivity3,sensitivity4,sensitivity5
0,0.5129151291512916,0.5666666666666667,0.5020408163265306,0.64,0.4596774193548387
1,0.4854771784232365,0.4735376044568245,0.4724770642201835,0.49146110056925996,0.4923547400611621
2,0.49038461538461536,0.47619047619047616,0.5085836909871244,0.5,0.46187363834422657
3,0.47619047619047616,0.472636815920398,0.47157190635451507,0.4601063829787234,0.4543524416135881
4,0.5317460317460317,0.49206349206349204,0.5126582278481012,0.47058823529411764,0.5510204081632653
