,specificity1,specificity2,specificity3,specificity4,specificity5
0,0.48884381338742394,0.49793388429752067,0.4645161290322581,0.4904214559386973,0.4906832298136646
1,0.5091743119266054,0.5517241379310345,0.5915492957746479,0.5238095238095238,0.5
2,0.4868421052631579,0.5165876777251185,0.5529411764705883,0.5525291828793775,0.5703703703703704
3,0.5,0.4897959183673469,0.5050505050505051,0.6666666666666666,0.4482758620689655
4,0.4609571788413098,0.48877805486284287,0.46875,0.45962732919254656,0.49523809523809526
