,auc1,auc2,auc3,auc4,auc5
0,0.5288453043555084,0.5015239862178638,0.48595282268751655,0.5086138351444474,0.44547884088700423
1,0.5197290637672511,0.48179578126208555,0.5021822963282173,0.4919503651893349,0.5047679031170926
2,0.49864696201552955,0.4706694500590919,0.5159216673846052,0.49868009763963905,0.4886289583264301
3,0.5378022854105767,0.5392749579236424,0.4920387102489149,0.4790282575958898,0.47782133049871556
4,0.4658317872603587,0.5079622758194187,0.5110875519038784,0.4568424772506406,0.4968857672939305
