,sensitivity1,sensitivity2
0,0.6220472440944882,0.6682027649769585
1,0.6491228070175439,0.6634615384615384
