,auc1,auc2
0,0.7207414062759976,0.7503244484376559
1,0.7643491444661035,0.7326649958228905
