,sensitivity1,sensitivity2,sensitivity3,sensitivity4,sensitivity5
0,0.7299270072992701,0.7272727272727273,0.6973684210526315,0.7482014388489209,0.7086092715231788
1,0.71875,0.6604938271604939,0.6643356643356644,0.6645161290322581,0.6690140845070423
2,0.678082191780822,0.6838709677419355,0.6744186046511628,0.6618705035971223,0.7142857142857143
3,0.7445255474452555,0.7557251908396947,0.7153284671532847,0.7025316455696202,0.7573529411764706
4,0.7254901960784313,0.7284768211920529,0.7354838709677419,0.738255033557047,0.696969696969697
