,specificity1,specificity2
0,0.7128205128205128,0.7515151515151515
1,0.7710843373493976,0.7847222222222222
