,specificity1,specificity2,specificity3,specificity4,specificity5
0,0.6809815950920245,0.6942675159235668,0.6891891891891891,0.7018633540372671,0.697986577181208
1,0.7209302325581395,0.7608695652173914,0.7133757961783439,0.7448275862068966,0.7151898734177216
2,0.7272727272727273,0.7586206896551724,0.6842105263157895,0.6956521739130435,0.7068965517241379
3,0.7361963190184049,0.727810650887574,0.7116564417177914,0.7605633802816901,0.7439024390243902
4,0.7142857142857143,0.7114093959731543,0.7310344827586207,0.7152317880794702,0.7185185185185186
