,sensitivity1,sensitivity2
0,0.673202614379085,0.644808743169399
1,0.6855670103092784,0.6481481481481481
