,specificity1,specificity2,specificity3,specificity4,specificity5
0,0.7888888888888889,0.7651006711409396,0.7620578778135049,0.7228915662650602,0.7938931297709924
1,0.8043478260869565,0.7432835820895523,0.7470238095238095,0.7785234899328859,0.8095238095238095
2,0.765625,0.8051948051948052,0.8048780487804879,0.7635782747603834,0.7859531772575251
3,0.7961538461538461,0.7816901408450704,0.75,0.7851851851851852,0.7781456953642384
4,0.7672131147540984,0.7428571428571429,0.8106060606060606,0.7379518072289156,0.7368421052631579
