,auc1,auc2,auc3,auc4,auc5
0,0.8393298877992755,0.8347027122537327,0.8355972259033483,0.8368009541478929,0.8439460199664283
1,0.8043557529751053,0.8228417365553972,0.8186318383222285,0.7933724489232162,0.8448304438624987
2,0.8149375393485536,0.810199145100898,0.8225697781017705,0.8285783712736229,0.7889371196306483
3,0.7380525290105411,0.7922645938524226,0.7664762157852778,0.7902382850562495,0.7931061210027461
4,0.841880908207439,0.843415937803693,0.8480762434844068,0.8512236063256471,0.8342057602261684
