,sensitivity1,sensitivity2,sensitivity3,sensitivity4,sensitivity5
0,0.7560240963855421,0.7828947368421053,0.8041237113402062,0.8,0.7470588235294118
1,0.7269938650306749,0.7677902621722846,0.7744360902255639,0.7401315789473685,0.6942857142857143
2,0.7730496453900709,0.7925170068027211,0.7523809523809524,0.7577854671280276,0.7557755775577558
3,0.6754385964912281,0.6981132075471698,0.7167832167832168,0.6807228915662651,0.7233333333333334
4,0.797979797979798,0.7909407665505227,0.7633136094674556,0.8185185185185185,0.7992831541218638
