,specificity1,specificity2,specificity3,specificity4,specificity5
0,0.8091603053435115,0.7931034482758621,0.7793594306049823,0.75,0.7692307692307693
1,0.7798507462686567,0.7969924812030075,0.7648902821316614,0.7913669064748201,0.7376093294460642
2,0.7342857142857143,0.8222222222222222,0.7709677419354839,0.7837837837837838,0.785234899328859
3,0.8270676691729323,0.7755102040816326,0.7658227848101266,0.7514970059880239,0.7725856697819314
4,0.7555555555555555,0.7948717948717948,0.7781569965870307,0.7750865051903114,0.8091603053435115
