,specificity1,specificity2
0,0.7123287671232876,0.6994535519125683
1,0.7267441860465116,0.703125
