,auc1,auc2,auc3,auc4,auc5
0,0.7947035957240038,0.7026349500839297,0.7717002385369732,0.7676141885325559,0.7416843360720912
1,0.7678478690843195,0.7831073689793483,0.7706765671097556,0.8051402746930973,0.8138805096076287
2,0.7930459370202237,0.7716513690535362,0.7712758319802954,0.6102919248484046,0.7739708627411997
3,0.7621910709540263,0.8040570466826114,0.7214212950659934,0.7429023828505625,0.6543648684560192
4,0.8029198692463999,0.7523522395971375,0.7556652531142328,0.5778999911652973,0.6823703507376977
