,specificity1,specificity2,specificity3,specificity4,specificity5
0,0.7712177121771218,0.7368421052631579,0.789272030651341,0.7435064935064936,0.7668918918918919
1,0.8131868131868132,0.7554858934169278,0.776595744680851,0.7896678966789668,0.7528735632183908
2,0.7862068965517242,0.7614678899082569,0.7522388059701492,0.7596153846153846,0.7592592592592593
3,0.7954545454545454,0.8118081180811808,0.7661016949152543,0.7947882736156352,0.7694805194805194
4,0.8028673835125448,0.8,0.7147147147147147,0.82,0.8185328185328186
