,specificity1,specificity2,specificity3,specificity4,specificity5
0,0.7744107744107744,0.7909407665505227,0.7547770700636943,0.7807308970099668,0.8035087719298246
1,0.8006872852233677,0.7806451612903226,0.782312925170068,0.7792207792207793,0.7845659163987139
2,0.7507788161993769,0.7887788778877888,0.7800687285223368,0.7785016286644951,0.7933333333333333
3,0.7638036809815951,0.7868852459016393,0.7571884984025559,0.7656765676567657,0.8314176245210728
4,0.7573770491803279,0.7446808510638298,0.8133802816901409,0.7728813559322034,0.7985074626865671
