,auc1,auc2
0,0.7280125,0.7369
1,0.7070669168230144,0.7322951844903065
