,sensitivity1,sensitivity2,sensitivity3,sensitivity4,sensitivity5
0,0.7588235294117647,0.7948717948717948,0.7663551401869159,0.8333333333333334,0.7658227848101266
1,0.6946107784431138,0.7053571428571429,0.7632508833922261,0.7191358024691358,0.7760617760617761
2,0.7936507936507936,0.7379518072289156,0.7602739726027398,0.7483660130718954,0.7532894736842105
3,0.7083333333333334,0.7077922077922078,0.7342657342657343,0.75,0.7508896797153025
4,0.8048780487804879,0.7659574468085106,0.7864077669902912,0.7763578274760383,0.7588235294117647
