,sensitivity1,sensitivity2,sensitivity3,sensitivity4,sensitivity5
0,0.743202416918429,0.7651006711409396,0.7419354838709677,0.7789115646258503,0.7810457516339869
1,0.729483282674772,0.7526501766784452,0.7125,0.7069486404833837,0.8070866141732284
2,0.7403846153846154,0.7818181818181819,0.7865168539325843,0.7517241379310344,0.7733812949640287
3,0.6804733727810651,0.7039274924471299,0.7003257328990228,0.7491525423728813,0.7244897959183674
4,0.7832817337461301,0.8110749185667753,0.79182156133829,0.7471590909090909,0.760932944606414
