,auc1,auc2,auc3,auc4,auc5
0,0.7790718349928876,0.7634246088193457,0.7739598150782362,0.7773381934566144,0.7718705547652916
1,0.7625892857142856,0.7820089285714286,0.7578571428571428,0.7912053571428571,0.7695535714285714
2,0.771131629421473,0.7710424193764218,0.7273741023239216,0.7511931843525582,0.7761719969668583
3,0.794749721913237,0.7942157953281423,0.7785094549499445,0.7801112347052279,0.807519466073415
4,0.7875150060024009,0.7631052420968387,0.7642167978302432,0.7846694233248854,0.7536347872482326
