,auc1,auc2,auc3,auc4,auc5
0,0.8322400388726922,0.8053714992490504,0.5270783638130577,0.670752716671084,0.8039137733015285
1,0.7460470050054696,0.6333521176561584,0.8096264129678126,0.7484005701594457,0.8280239997348096
2,0.8220175176999459,0.7395760849155594,0.8181185592630638,0.6814782906436043,0.6442669847686582
3,0.769620869873328,0.7993843564531846,0.7614491983346622,0.7678049428647357,0.6720590840641333
4,0.8065641841152046,0.8390758900962982,0.5029706687869954,0.7624458874458874,0.751877374326354
