,sensitivity1,sensitivity2,sensitivity3,sensitivity4,sensitivity5
0,0.7901639344262295,0.7873015873015873,0.8020833333333334,0.8039867109634552,0.7949526813880127
1,0.7491961414790996,0.7636986301369864,0.737012987012987,0.7585034013605442,0.7697594501718213
2,0.7580071174377224,0.7658862876254181,0.7363344051446945,0.7627118644067796,0.7649006622516556
3,0.75,0.7373737373737373,0.7197231833910035,0.7123745819397993,0.7038123167155426
4,0.7878787878787878,0.8205128205128205,0.8018867924528302,0.7850162866449512,0.7604790419161677
