,auc1,auc2,auc3,auc4,auc5
0,0.7959735842388904,0.849511882675148,0.8344155844155845,0.8311246576552699,0.7970668786995317
1,0.7849858012618645,0.7956707660688831,0.7046883459851272,0.6938376371531806,0.7895050883415653
2,0.7543435280603511,0.7598440416625247,0.7626053436716481,0.7885836729734804,0.6057854799695153
3,0.7902936486845602,0.6772189742226947,0.772887323943662,0.8015324652316415,0.7520373815218353
4,0.8085740789822422,0.8257686191359661,0.8177400830462056,0.7162845657743617,0.8426429013163705
