,auc1,auc2,auc3,auc4,auc5
0,0.5802743175192155,0.5384530435550843,0.5504571958653591,0.5893078010424949,0.5408825868009541
1,0.574722931238329,0.5348670180439995,0.5077623451674568,0.6006231975337288,0.5523032894664146
2,0.5790892121453107,0.5407844306747518,0.5713465213117289,0.5526580293139821,0.5230458265681434
3,0.5856364602710603,0.5571241916910267,0.5751948799716537,0.5766675524847196,0.5052152537868722
4,0.4896413110698825,0.6152707836381306,0.5051903878434489,0.6015438642989663,0.4565222192773213
