,sensitivity1,sensitivity2,sensitivity3,sensitivity4,sensitivity5
0,0.5894428152492669,0.6040955631399317,0.5918367346938775,0.5948905109489051,0.6245353159851301
1,0.5551020408163265,0.5590778097982709,0.5579710144927537,0.5304878048780488,0.5579710144927537
2,0.5987654320987654,0.5750798722044729,0.5783132530120482,0.5901639344262295,0.582089552238806
3,0.5476190476190477,0.5371900826446281,0.5517241379310345,0.5308988764044944,0.5333333333333333
4,0.598705501618123,0.5934426229508196,0.6332046332046332,0.603448275862069,0.5917721518987342
