,specificity1,specificity2,specificity3,specificity4,specificity5
0,0.5830721003134797,0.5454545454545454,0.5514018691588785,0.5571847507331378,0.5489614243323442
1,0.5695538057742782,0.5924528301886792,0.5851063829787234,0.5961538461538461,0.5948275862068966
2,0.6298701298701299,0.5523114355231143,0.5732647814910026,0.5912806539509536,0.5844155844155844
3,0.6094890510948905,0.6026200873362445,0.5780821917808219,0.5848101265822785,0.6334661354581673
4,0.6167247386759582,0.5949367088607594,0.5314533622559653,0.5753424657534246,0.5469879518072289
