,auc1,auc2,auc3,auc4,auc5
0,0.4678527255057867,0.5446594222104426,0.6100030921459493,0.500033130135171,0.5641068115557911
1,0.5550877890852035,0.5329112385498502,0.6012861736334405,0.5742588479685307,0.5808996585673087
2,0.5634271071495631,0.5920673315881905,0.5450478809768382,0.5815633387454853,0.5191026872991152
3,0.5801886792452831,0.562649481796439,0.5785942067499336,0.5653844450349899,0.579070333953406
4,0.5711524869688135,0.6171371145860942,0.6065354713313897,0.6047574874105487,0.5579998233059458
