,auc1,auc2,auc3,auc4,auc5
0,0.501463247636717,0.5865248696881349,0.5254825956356569,0.5948847071296051,0.5586734693877551
1,0.5595076297499475,0.4718621893680732,0.5539828289190174,0.44322162186053193,0.5444138738798466
2,0.6090548615483171,0.538509117819234,0.5891182610424467,0.610435512552879,0.4965704629046688
3,0.5092457259278944,0.5523407742049784,0.5729360439365754,0.5488362565329081,0.48014660288776684
4,0.5339363017934446,0.6114387313366906,0.6114829048502517,0.612189681067232,0.5736482904850252
