,specificity1,specificity2,specificity3,specificity4,specificity5
0,0.5934426229508196,0.5634674922600619,0.5915032679738562,0.6063829787234043,0.5461741424802111
1,0.6131386861313869,0.5866666666666667,0.5856164383561644,0.6033333333333334,0.5838926174496645
2,0.6126984126984127,0.6615384615384615,0.6448979591836734,0.6371681415929203,0.6431372549019608
3,0.6312292358803987,0.5957446808510638,0.5833333333333334,0.6446886446886447,0.6188925081433225
4,0.5714285714285714,0.5799256505576208,0.5748987854251012,0.5678571428571428,0.6
