,sensitivity1,sensitivity2,sensitivity3,sensitivity4,sensitivity5
0,0.6183745583038869,0.6213592233009708,0.5836298932384342,0.6015325670498084,0.5886792452830188
1,0.5746606334841629,0.543026706231454,0.5973451327433629,0.5689655172413793,0.5324324324324324
2,0.5267857142857143,0.5706806282722513,0.596244131455399,0.6085106382978723,0.5612244897959183
3,0.5396341463414634,0.517426273458445,0.5485232067510548,0.5797101449275363,0.5470085470085471
4,0.6285714285714286,0.5808219178082191,0.6524822695035462,0.6455696202531646,0.6417112299465241
