,specificity1,specificity2,specificity3,specificity4,specificity5
0,0.5900383141762452,0.5760517799352751,0.564935064935065,0.5579268292682927,0.5795795795795796
1,0.5658263305322129,0.6196078431372549,0.5797546012269938,0.572992700729927,0.5797546012269938
2,0.6438848920863309,0.6089965397923875,0.5779036827195467,0.6195286195286195,0.5898203592814372
3,0.6240601503759399,0.6276150627615062,0.6183745583038869,0.6138211382113821,0.6029411764705882
4,0.5802047781569966,0.5723905723905723,0.5801749271137027,0.5737179487179487,0.5769230769230769
