,sensitivity1,sensitivity2,sensitivity3,sensitivity4,sensitivity5
0,0.5605263157894737,0.6526946107784432,0.5539033457249071,0.6460674157303371,0.6358695652173914
1,0.5736677115987461,0.5930232558139535,0.5162162162162162,0.5124653739612188,0.5317725752508361
2,0.5795918367346938,0.5821428571428572,0.5578635014836796,0.5942028985507246,0.5813253012048193
3,0.5115089514066496,0.5347222222222222,0.5634920634920635,0.5207756232686981,0.5347222222222222
4,0.6213235294117647,0.6164383561643836,0.6,0.6121495327102804,0.6585365853658537
