,specificity1,specificity2,specificity3,specificity4,specificity5
0,0.6133333333333333,0.6989247311827957,0.677536231884058,0.6379821958456974,0.656957928802589
1,0.6445783132530121,0.6794425087108014,0.6695402298850575,0.6588235294117647,0.6354515050167224
2,0.6438356164383562,0.6452513966480447,0.6677018633540373,0.6947040498442367,0.6398891966759003
3,0.6797583081570997,0.6611842105263158,0.685064935064935,0.6816608996539792,0.6765676567656765
4,0.6513761467889908,0.6793103448275862,0.6377245508982036,0.6798561151079137,0.6540880503144654
