,specificity1,specificity2,specificity3,specificity4,specificity5
0,0.6677018633540373,0.5885167464114832,0.6242236024844721,0.652317880794702,0.6056701030927835
1,0.632768361581921,0.6451612903225806,0.6205962059620597,0.6865079365079365,0.6331521739130435
2,0.6051948051948052,0.6568047337278107,0.6323907455012854,0.654434250764526,0.6455026455026455
3,0.6172506738544474,0.6594427244582043,0.6301369863013698,0.6314285714285715,0.6571428571428571
4,0.6094986807387863,0.5895522388059702,0.5936739659367397,0.6169665809768637,0.5963541666666666
