,auc1,auc2,auc3,auc4,auc5
0,0.6353366021733369,0.7234627617280678,0.6865999646611891,0.7275598551108756,0.7416732926937009
1,0.6381034463707583,0.6899150285632203,0.7293952553010464,0.6961801527054949,0.6665340714467244
2,0.6227343517015143,0.6951080773606371,0.7308945513988756,0.7368037376983995,0.6691187028507682
3,0.6787691558153955,0.6667109575693153,0.6372575073079989,0.6899747541854904,0.7002834617769511
4,0.6353255587949466,0.722976853078894,0.7036619842742292,0.7201718349677533,0.712463556851312
