,sensitivity1,sensitivity2,sensitivity3,sensitivity4,sensitivity5
0,0.6950354609929078,0.6964856230031949,0.7214285714285714,0.6948051948051948,0.703125
1,0.6288343558282209,0.6666666666666666,0.6395759717314488,0.6353790613718412,0.657439446366782
2,0.693950177935943,0.710204081632653,0.7219917012448133,0.688,0.6879699248120301
3,0.6202090592334495,0.6654275092936803,0.6426116838487973,0.6450381679389313,0.6617100371747212
4,0.6713780918727915,0.6917293233082706,0.6838235294117647,0.7196969696969697,0.667741935483871
