,auc1,auc2,auc3,auc4,auc5
0,0.6517470624613482,0.6566613658450393,0.6412889831257179,0.701044703595724,0.6259497305415673
1,0.6456392747041468,0.5902586711749042,0.6114849559673374,0.6307665108672832,0.649263544049237
2,0.5044125606105792,0.6025602792228592,0.6671968366524184,0.6442338491445486,0.5243270707003767
3,0.6005624944636372,0.645584197005935,0.6715275932323501,0.6556714500841527,0.661628576490389
4,0.6879748652707836,0.6419405424507465,0.5908980475307006,0.6672188355861826,0.6723429631592897
