,sensitivity1,sensitivity2,sensitivity3,sensitivity4,sensitivity5
0,0.6357615894039735,0.6934984520123839,0.6717791411042945,0.7018867924528301,0.689419795221843
1,0.6407407407407407,0.6317460317460317,0.6929133858267716,0.6679389312977099,0.6006600660066007
2,0.6877637130801688,0.680327868852459,0.6642857142857143,0.693950177935943,0.6763485477178424
3,0.6568265682656826,0.6073825503355704,0.6360544217687075,0.6134185303514377,0.6220735785953178
4,0.7054545454545454,0.6891025641025641,0.6977611940298507,0.6759259259259259,0.6971830985915493
