,auc1,auc2,auc3,auc4,auc5
0,0.5713181376446682,0.6400521247460023,0.7094045410371941,0.6191249226963512,0.6633205230144006
1,0.6495950320990929,0.6748654710997668,0.5042596214406471,0.6732411796554735,0.6661473353885592
2,0.657697957741034,0.6876194263118944,0.6266609231584876,0.5713133856876195,0.6804952671283563
3,0.6345668349720968,0.6652493577819116,0.5828129152272123,0.6546361502347419,0.611469129240854
4,0.6537790440851665,0.6708079335630356,0.6164303383691139,0.5999094442971995,0.6818292251965722
