,sensitivity1,sensitivity2,sensitivity3,sensitivity4,sensitivity5
0,0.7178571428571429,0.7391304347826086,0.6678571428571428,0.6766666666666666,0.7242990654205608
1,0.6491935483870968,0.6513409961685823,0.648068669527897,0.6057142857142858,0.6666666666666666
2,0.6497695852534562,0.6704545454545454,0.704225352112676,0.6545454545454545,0.7098214285714286
3,0.6147186147186147,0.6236559139784946,0.6286919831223629,0.6150793650793651,0.6132404181184669
4,0.7174887892376681,0.715,0.7382198952879581,0.7464788732394366,0.7018348623853211
