,specificity1,specificity2,specificity3,specificity4,specificity5
0,0.65,0.6885813148788927,0.6708074534161491,0.6802721088435374,0.630057803468208
1,0.6884057971014492,0.668693009118541,0.6551724137931034,0.6461538461538462,0.6773162939297125
2,0.6947040498442367,0.6666666666666666,0.6703601108033241,0.65625,0.6726190476190477
3,0.6634920634920635,0.6846846846846847,0.6881028938906752,0.6617647058823529,0.6816816816816816
4,0.6300940438871473,0.6309523809523809,0.6303030303030303,0.650887573964497,0.6541095890410958
