,sensitivity1,sensitivity2,sensitivity3,sensitivity4,sensitivity5
0,0.768025078369906,0.7453416149068323,0.7409638554216867,0.754601226993865,0.765625
1,0.7635135135135135,0.8095238095238095,0.7934782608695652,0.7750865051903114,0.7516556291390728
2,0.773851590106007,0.7777777777777778,0.7692307692307693,0.7656765676567657,0.7694915254237288
3,0.7491039426523297,0.6756756756756757,0.7049180327868853,0.7395833333333334,0.7022653721682848
4,0.7777777777777778,0.7788461538461539,0.7959183673469388,0.8020833333333334,0.7737704918032787
