,specificity1,specificity2,specificity3,specificity4,specificity5
0,0.7491749174917491,0.7483221476510067,0.7444794952681388,0.7798507462686567,0.7651006711409396
1,0.7323529411764705,0.76875,0.7788778877887789,0.7710437710437711,0.803448275862069
2,0.764525993883792,0.8252788104089219,0.8191126279863481,0.7802547770700637,0.7843137254901961
3,0.7863777089783281,0.7919254658385093,0.8,0.7621951219512195,0.7699386503067485
4,0.7750865051903114,0.7566666666666667,0.7816901408450704,0.7730496453900709,0.7886792452830189
