,sensitivity1,sensitivity2,sensitivity3,sensitivity4,sensitivity5
0,0.7530864197530864,0.7709677419354839,0.7643312101910829,0.7291666666666666,0.7896551724137931
1,0.754325259515571,0.7692307692307693,0.7773851590106007,0.7622377622377622,0.7567567567567568
2,0.7516556291390728,0.7713310580204779,0.7821428571428571,0.7692307692307693,0.7525083612040134
3,0.7226027397260274,0.7455197132616488,0.7534722222222222,0.735593220338983,0.7119741100323624
4,0.7961165048543689,0.7638036809815951,0.8162544169611308,0.7781569965870307,0.794392523364486
