,auc1,auc2,auc3,auc4,auc5
0,0.7500441735135612,0.821273964131107,0.8151448891244811,0.8193082427776306,0.8146589804753069
1,0.8202119313598746,0.8526756610424195,0.8217036275842258,0.8280129501331477,0.8406315952309921
2,0.8228459083026828,0.8331842230248406,0.8229342699669748,0.826115289881485,0.8386736914189779
3,0.8018757197271681,0.8044224466294624,0.8053968464877314,0.8163920630702455,0.7986424838338205
4,0.8376402509055569,0.8396943192861559,0.8514113437582825,0.8267183496775332,0.8231071649438997
