,specificity1,specificity2,specificity3,specificity4,specificity5
0,0.7378640776699029,0.7643097643097643,0.7467105263157895,0.7651245551601423,0.717391304347826
1,0.7741935483870968,0.7861635220125787,0.7871621621621622,0.782312925170068,0.7840531561461794
2,0.7682119205298014,0.7545454545454545,0.7935483870967742,0.7870967741935484,0.8041958041958042
3,0.7672955974842768,0.7626582278481012,0.7836990595611285,0.7868852459016393,0.7737704918032787
4,0.7407407407407407,0.7249190938511327,0.7544483985765125,0.7375415282392026,0.7777777777777778
