,auc1,auc2,auc3,auc4,auc5
0,0.795686456400742,0.817441911829667,0.8387777188797597,0.8101422387136673,0.8030082162735224
1,0.8236704566800367,0.8418249522104728,0.8206981138329963,0.8146208329189732,0.8093722721295897
2,0.827683709422667,0.8222715574847851,0.7902404541789545,0.8297491633254912,0.8405403315771451
3,0.7800181592700859,0.7906590486314111,0.8196474444149171,0.7948556116573655,0.8081539551776065
4,0.8137092499337397,0.8191978089937274,0.847358423889036,0.8307381394116089,0.8186235533174309
