,sensitivity1,sensitivity2,sensitivity3,sensitivity4,sensitivity5
0,0.7759197324414716,0.7664473684210527,0.7964912280701755,0.7455089820359282,0.7828947368421053
1,0.7633587786259542,0.7695035460992907,0.7491638795986622,0.7311475409836066,0.75
2,0.7854545454545454,0.7387387387387387,0.7766990291262136,0.7777777777777778,0.7668918918918919
3,0.7706093189964157,0.775,0.7328990228013029,0.7518248175182481,0.7572463768115942
4,0.7763578274760383,0.7781456953642384,0.7735849056603774,0.7625,0.7477744807121661
