,specificity1,specificity2,specificity3,specificity4,specificity5
0,0.7407407407407407,0.7627737226277372,0.7751677852348994,0.7402597402597403,0.7706766917293233
1,0.7756410256410257,0.7831325301204819,0.7602523659305994,0.779874213836478,0.7800687285223368
2,0.7515527950310559,0.7626582278481012,0.7662337662337663,0.7731629392971247,0.7463976945244957
3,0.7647058823529411,0.7682119205298014,0.7781350482315113,0.7880794701986755,0.7625
4,0.7673611111111112,0.7450980392156863,0.8048780487804879,0.7483660130718954,0.7300613496932515
