,sensitivity1,sensitivity2,sensitivity3,sensitivity4,sensitivity5
0,0.7747440273037542,0.780327868852459,0.7751677852348994,0.7538940809968847,0.775
1,0.7568493150684932,0.7852112676056338,0.7450980392156863,0.737012987012987,0.7508305647840532
2,0.7433333333333333,0.7794117647058824,0.7842465753424658,0.7773972602739726,0.75
3,0.7394366197183099,0.7307692307692307,0.7597173144876325,0.7373737373737373,0.7239057239057239
4,0.8057553956834532,0.7610921501706485,0.7445482866043613,0.760797342192691,0.7469879518072289
