,specificity1,specificity2,specificity3,specificity4,specificity5
0,0.7730496453900709,0.749185667752443,0.7610294117647058,0.7675276752767528,0.7706093189964157
1,0.7947019867549668,0.7869415807560137,0.7794117647058824,0.7894736842105263,0.8118811881188119
2,0.7953795379537953,0.7579617834394905,0.7810457516339869,0.7894736842105263,0.8156996587030717
3,0.7777777777777778,0.7885906040268457,0.7931034482758621,0.7631578947368421,0.7573770491803279
4,0.7540983606557377,0.7885304659498208,0.7820069204152249,0.753125,0.7824561403508772
