,sensitivity1,sensitivity2,sensitivity3,sensitivity4,sensitivity5
0,0.7573770491803279,0.7408536585365854,0.7927631578947368,0.7755102040816326,0.7351190476190477
1,0.7620689655172413,0.8111111111111111,0.7543859649122807,0.778169014084507,0.729903536977492
2,0.7607142857142857,0.7622377622377622,0.7517006802721088,0.7681660899653979,0.803921568627451
3,0.6900958466453674,0.7133333333333334,0.738831615120275,0.7333333333333333,0.7375886524822695
4,0.767515923566879,0.777027027027027,0.8,0.7804054054054054,0.7971014492753623
