,auc1,auc2,auc3,auc4,auc5
0,0.8132454280413463,0.8299209294107253,0.8311688311688311,0.8057690608711017,0.8270054775156815
1,0.8230074805803249,0.8135932199644202,0.8070629053822609,0.8275709660666734,0.822543397310527
2,0.8077802445409059,0.7978285121000255,0.8363762881473873,0.8349514563106795,0.8146614091476412
3,0.7824098680131102,0.7872929400301178,0.8229692621135618,0.8110550093010894,0.8031158650013287
4,0.8348352327944165,0.7971220955914833,0.8291920664369644,0.8379384221220957,0.8223341284565775
