,auc1,auc2,auc3,auc4,auc5
0,0.8174419118296669,0.8061555791147628,0.8072267868186236,0.8114784874988957,0.8292472833289162
1,0.8135932199644204,0.8288969182660965,0.8216815283809019,0.8215599827626214,0.8382780300770157
2,0.8318587980604615,0.8346753261097672,0.8223378287330041,0.8298375249897832,0.840783326153948
3,0.8208986624147399,0.8176432810700681,0.8327907697758881,0.8226481530693596,0.80781070068208
4,0.819705804399682,0.8053273257354889,0.8095569396589806,0.8030413464086934,0.8178615602084991
