,auc1,auc2,auc3,auc4,auc5
0,0.8241562858909797,0.8132564714197368,0.7773213181376446,0.8307712695467798,0.8183032953441116
1,0.8243555319830719,0.8262671130705738,0.8251400537010642,0.8235268118584325,0.8116374404702711
2,0.81091708362327,0.8291527220915207,0.8415233550923931,0.8313617636988193,0.8237847509857849
3,0.8107228275312253,0.7697869607582603,0.8144321906280452,0.8096266276906724,0.8224377712817789
4,0.817022263450835,0.7973098330241188,0.8016830108666844,0.7870174043643432,0.8068733987101335
