,specificity1,specificity2,specificity3,specificity4,specificity5
0,0.7773851590106007,0.7571428571428571,0.7703703703703704,0.7753623188405797,0.776595744680851
1,0.7875816993464052,0.7872340425531915,0.7791411042944786,0.7859424920127795,0.7866666666666666
2,0.768025078369906,0.7647058823529411,0.7477203647416414,0.7959866220735786,0.7850162866449512
3,0.7678018575851393,0.7806691449814126,0.7676767676767676,0.7738853503184714,0.7713310580204779
4,0.7985611510791367,0.7758620689655172,0.7597402597402597,0.7547770700636943,0.7575757575757576
