,sensitivity1,sensitivity2,sensitivity3,sensitivity4,sensitivity5
0,0.7368421052631579,0.75,0.8117647058823529,0.7674418604651163,0.8036363636363636
1,0.7446808510638298,0.7335526315789473,0.7051671732522796,0.7532894736842105,0.7593984962406015
2,0.77431906614786,0.7549668874172185,0.752851711026616,0.788235294117647,0.7516129032258064
3,0.6794117647058824,0.6956521739130435,0.7607142857142857,0.7490909090909091,0.7064516129032258
4,0.8191489361702128,0.7864768683274022,0.7922077922077922,0.8047945205479452,0.7953020134228188
