,specificity1,specificity2,specificity3,specificity4,specificity5
0,0.7846153846153846,0.7661870503597122,0.7089337175792507,0.7441860465116279,0.7339449541284404
1,0.746875,0.7718120805369127,0.7838827838827839,0.7919463087248322,0.7351190476190477
2,0.7275362318840579,0.7833333333333333,0.7197640117994101,0.7348703170028819,0.7945205479452054
3,0.7977099236641222,0.7491749174917491,0.7795031055900621,0.7614678899082569,0.7773972602739726
4,0.759375,0.7289719626168224,0.782312925170068,0.7645161290322581,0.7664473684210527
