,specificity1,specificity2,specificity3,specificity4,specificity5
0,0.7397260273972602,0.7547770700636943,0.8055555555555556,0.7329192546583851,0.7466666666666667
1,0.7796610169491526,0.7323943661971831,0.7666666666666667,0.797945205479452,0.7647058823529411
2,0.7731958762886598,0.7429467084639498,0.7667731629392971,0.745398773006135,0.7766990291262136
3,0.7597402597402597,0.7515337423312883,0.7315634218289085,0.7840531561461794,0.7702702702702703
4,0.7766666666666666,0.7666666666666667,0.7902621722846442,0.7651006711409396,0.7730263157894737
