,auc1,auc2,auc3,auc4,auc5
0,0.7968901846452867,0.823747680890538,0.8245096739994698,0.816679918720735,0.7712474600229702
1,0.8214052883393554,0.8023557750743087,0.783516204240837,0.8092286273079856,0.7336604015425244
2,0.8257507980162806,0.8151032174691011,0.8258170692644997,0.8304781470558998,0.8193998033952969
3,0.7519487997165382,0.8123726636548854,0.7998383382053326,0.8174439720081497,0.8121069182389936
4,0.8547795741673293,0.857418941602615,0.8502297022705185,0.832659687251524,0.8307050092764378
