,sensitivity1,sensitivity2,sensitivity3,sensitivity4,sensitivity5
0,0.7483870967741936,0.8020833333333334,0.74,0.7928571428571428,0.7682119205298014
1,0.7361563517915309,0.7935222672064778,0.7867647058823529,0.7483870967741936,0.7706093189964157
2,0.729903536977492,0.7455830388692579,0.7612456747404844,0.7608695652173914,0.764505119453925
3,0.7142857142857143,0.7355072463768116,0.7338403041825095,0.7275747508305648,0.7058823529411765
4,0.7980132450331126,0.7880794701986755,0.7522388059701492,0.7828947368421053,0.802013422818792
