,sensitivity1,sensitivity2,sensitivity3,sensitivity4,sensitivity5
0,0.77,0.7744107744107744,0.7781350482315113,0.7577854671280276,0.794425087108014
1,0.6899696048632219,0.7662835249042146,0.735191637630662,0.7177177177177178,0.7361111111111112
2,0.7781569965870307,0.797153024911032,0.7484662576687117,0.7896551724137931,0.7692307692307693
3,0.7337883959044369,0.7661870503597122,0.7744360902255639,0.7397260273972602,0.7574750830564784
4,0.7412140575079872,0.7532894736842105,0.7309941520467836,0.735202492211838,0.7449664429530202
