,specificity1,specificity2,specificity3,specificity4,specificity5
0,0.7450331125827815,0.7442622950819672,0.7731958762886598,0.7156549520766773,0.746031746031746
1,0.7655677655677655,0.7331378299120235,0.746031746031746,0.8066914498141264,0.7484076433121019
2,0.7896440129449838,0.7850467289719626,0.822463768115942,0.7948717948717948,0.7689873417721519
3,0.7766990291262136,0.7808641975308642,0.7678571428571429,0.7806451612903226,0.813953488372093
4,0.7370242214532872,0.7348993288590604,0.7769230769230769,0.7437722419928826,0.7171052631578947
