,sensitivity1,sensitivity2,sensitivity3,sensitivity4,sensitivity5
0,0.76,0.7629179331306991,0.7252747252747253,0.7492354740061162,0.7885906040268457
1,0.7686832740213523,0.7375415282392026,0.7934782608695652,0.7247706422018348,0.7452830188679245
2,0.8047808764940239,0.7448275862068966,0.720125786163522,0.7716262975778547,0.7719298245614035
3,0.7671232876712328,0.7666666666666667,0.7364620938628159,0.7194719471947195,0.7449664429530202
4,0.7854984894259819,0.7888198757763976,0.8047138047138047,0.7667731629392971,0.7456140350877193
