,auc1,auc2,auc3,auc4,auc5
0,0.8148908914215035,0.8222126512942841,0.8190211149394824,0.8164259210177578,0.8130687339871013
1,0.7877040032706821,0.7877261024740059,0.7994497298372394,0.6546999480668723,0.8040795129335587
2,0.6118492991815501,0.7991208014402951,0.7724908048643097,0.72190375205717,0.7580547179606129
3,0.6733435202409425,0.6853352821330498,0.7294379484453892,0.7877026308796173,0.8063933917973249
4,0.833808198604117,0.850174485378567,0.8374193833377508,0.7834283063874902,0.8159952292605354
