,auc1,auc2,auc3,auc4,auc5
0,0.7937207350472657,0.7609992048767559,0.8045211591129959,0.7988559059987631,0.7555548193303294
1,0.7813504823151126,0.8094827681462085,0.7913614214207579,0.7851183964818068,0.7785659826963237
2,0.7899753691860785,0.7602306239438019,0.7687133437158289,0.8229784507991207,0.7927256259871656
3,0.7868500310036319,0.768347506422181,0.7778368323146425,0.8048875011072726,0.7986867747364692
4,0.8428416821273964,0.8129030833112466,0.4294548988426539,0.806928615602085,0.6582736990900258
