,specificity1,specificity2,specificity3,specificity4,specificity5
0,0.7350993377483444,0.7912087912087912,0.8151260504201681,0.7709090909090909,0.7598684210526315
1,0.7663551401869159,0.770764119601329,0.7791411042944786,0.8036363636363636,0.8098591549295775
2,0.7407407407407407,0.7532051282051282,0.7746478873239436,0.7763578274760383,0.7697160883280757
3,0.8064516129032258,0.7680722891566265,0.7538461538461538,0.7792642140468228,0.7960526315789473
4,0.8228782287822878,0.8071428571428572,0.7737704918032787,0.7647058823529411,0.7961538461538461
