,auc1,auc2,auc3,auc4,auc5
0,0.8085851223606326,0.8170333068292253,0.8102637158759608,0.7956643696439616,0.7927820478840886
1,0.7570524082606822,0.7370415796510535,0.7925216295952532,0.7592623285930543,0.6661031369819118
2,0.8355147619205407,0.8254083965671493,0.8225918685178436,0.8207473187757491,0.7868385301037146
3,0.8078660643103907,0.8137124634600054,0.8063048099920277,0.7729205421206485,0.8280627159181504
4,0.7588678328474248,0.7745163000265042,0.728586889301175,0.7730254439438113,0.7639146567717997
