,sensitivity1,sensitivity2,sensitivity3,sensitivity4,sensitivity5
0,0.7492537313432835,0.7795527156549521,0.8118081180811808,0.7909967845659164,0.7192982456140351
1,0.7156862745098039,0.7389705882352942,0.7703180212014135,0.7385159010600707,0.7129032258064516
2,0.7464788732394366,0.7554744525547445,0.7475728155339806,0.7261146496815286,0.7762237762237763
3,0.7097902097902098,0.6686390532544378,0.7152103559870551,0.6993243243243243,0.7374517374517374
4,0.7604790419161677,0.8127208480565371,0.774294670846395,0.8035087719298246,0.8225806451612904
