,sensitivity1,sensitivity2,sensitivity3,sensitivity4,sensitivity5
0,0.8037037037037037,0.7202216066481995,0.75,0.7402985074626866,0.7492163009404389
1,0.7115987460815048,0.6923076923076923,0.7824427480916031,0.7806691449814126,0.7233333333333334
2,0.745819397993311,0.7508196721311475,0.7591973244147158,0.7424749163879598,0.7730769230769231
3,0.7442748091603053,0.6465753424657534,0.6776315789473685,0.7286821705426356,0.7686274509803922
4,0.7770491803278688,0.8049645390070922,0.8085106382978723,0.8191489361702128,0.7833333333333333
