,auc1,auc2,auc3,auc4,auc5
0,0.7754218570545102,0.7787459139499957,0.8241452425125895,0.697455605618871,0.8090379008746357
1,0.7930188616700369,0.8085988000132596,0.7453508801007724,0.7204008795482922,0.7934166473298637
2,0.7285198316710296,0.8032517092459436,0.6552127859328231,0.7153981245236753,0.6687321205694909
3,0.7762866507219418,0.7766188324918063,0.7396470015058908,0.7456816369917618,0.770739215165205
4,0.7697566039402773,0.7990215566746179,0.7040926760314515,0.7585144447389347,0.5897826663132786
