,sensitivity1,sensitivity2,sensitivity3,sensitivity4,sensitivity5
0,0.7530120481927711,0.8144329896907216,0.7766990291262136,0.8075601374570447,0.765625
1,0.796078431372549,0.7366666666666667,0.7044776119402985,0.7431506849315068,0.7311475409836066
2,0.7308868501529052,0.7900763358778626,0.7627118644067796,0.7542087542087542,0.7419354838709677
3,0.738255033557047,0.7191780821917808,0.7527675276752768,0.7162629757785467,0.7333333333333333
4,0.79,0.7935483870967742,0.7993311036789298,0.8260869565217391,0.8275862068965517
