,specificity1,specificity2,specificity3,specificity4,specificity5
0,0.7851851851851852,0.7717041800643086,0.7679180887372014,0.7652733118971061,0.776595744680851
1,0.7463976945244957,0.7682119205298014,0.7940074906367042,0.7612903225806451,0.7710437710437711
2,0.8036363636363636,0.7470588235294118,0.7785016286644951,0.7737704918032787,0.7842465753424658
3,0.7894736842105263,0.7612903225806451,0.7583081570996979,0.7539936102236422,0.7634069400630915
4,0.7649006622516556,0.7876712328767124,0.7722772277227723,0.754601226993865,0.782051282051282
