,auc1,auc2,auc3,auc4,auc5
0,0.78656462585034,0.8024339605972259,0.8233169891333156,0.679907677356657,0.7899438996377771
1,0.6849758566203688,0.7327211854012663,0.8038585209003215,0.7917813062839085,0.755406017613065
2,0.8091277599213582,0.777737278681644,0.8200072898373042,0.7674983708318146,0.716690413863945
3,0.7911683940118699,0.7549495083709806,0.7857981220657277,0.7461356187439099,0.6845491186110373
4,0.7838369113879318,0.8100980652001061,0.7571340224401449,0.8270717377860235,0.7059258768442442
