,specificity1,specificity2,specificity3,specificity4,specificity5
0,0.7865168539325843,0.7785467128027682,0.7341389728096677,0.7869415807560137,0.7615384615384615
1,0.7567567567567568,0.7272727272727273,0.7711598746081505,0.7429467084639498,0.7602739726027398
2,0.7452830188679245,0.7378048780487805,0.78839590443686,0.7743055555555556,0.7753164556962026
3,0.7436708860759493,0.7803030303030303,0.7849829351535836,0.7483660130718954,0.7288629737609329
4,0.7985074626865671,0.7554858934169278,0.784452296819788,0.750788643533123,0.7062146892655368
