,sensitivity1,sensitivity2,sensitivity3,sensitivity4,sensitivity5
0,0.7915194346289752,0.774294670846395,0.7985611510791367,0.8020477815699659,0.8125
1,0.7583892617449665,0.75,0.7570977917981072,0.7147335423197492,0.7588652482269503
2,0.7570093457943925,0.7541528239202658,0.7718120805369127,0.779783393501805,0.7423312883435583
3,0.7345454545454545,0.7420494699646644,0.7546468401486989,0.7491408934707904,0.7617328519855595
4,0.7175141242937854,0.753125,0.7556270096463023,0.7796052631578947,0.7694915254237288
