,specificity1,specificity2,specificity3,specificity4,specificity5
0,0.7366771159874608,0.784452296819788,0.7345679012345679,0.7637540453074434,0.7363636363636363
1,0.7861842105263158,0.7814569536423841,0.8210526315789474,0.7773851590106007,0.759375
2,0.8220640569395018,0.7807308970099668,0.7927631578947368,0.7630769230769231,0.8152173913043478
3,0.7492354740061162,0.768025078369906,0.7567567567567568,0.7877813504823151,0.7753846153846153
4,0.782258064516129,0.7624113475177305,0.7491408934707904,0.761744966442953,0.7361563517915309
