,specificity1,specificity2,specificity3,specificity4,specificity5
0,0.7259036144578314,0.8008298755186722,0.8149606299212598,0.7752808988764045,0.7561837455830389
1,0.773851590106007,0.8087649402390438,0.7470588235294118,0.7567567567567568,0.7549668874172185
2,0.768976897689769,0.7845117845117845,0.7821782178217822,0.7656765676567657,0.7309941520467836
3,0.7382352941176471,0.7974683544303798,0.738255033557047,0.7209302325581395,0.7463976945244957
4,0.7609427609427609,0.746875,0.75,0.759375,0.7582781456953642
