,auc1,auc2,auc3,auc4,auc5
0,0.7901316370704126,0.8227427334570191,0.8408649173955297,0.845227051859705,0.839550755367082
1,0.7970519662766158,0.8153280074253323,0.7601794455309886,0.8066761693240958,0.7832731130042763
2,0.8012304361752653,0.8255740746876967,0.8340347040436507,0.7996509714260469,0.7941835934479827
3,0.7984321020462397,0.725850385330853,0.7640069979626185,0.7803835592169368,0.8111546638320488
4,0.8442221044261862,0.8283196395441295,0.8206665783196396,0.8351113172541745,0.8523389875430692
