,auc1,auc2,auc3,auc4,auc5
0,0.7762942839473451,0.753202579733192,0.8188444208852372,0.7083112465765526,0.7026128633271491
1,0.7945768555043591,0.8004773427917924,0.7464005922586491,0.7793505044143159,0.8088308416481587
2,0.8216088450025956,0.8388835503716713,0.7978285121000254,0.7994742480974629,0.8393474491092039
3,0.7996168836920897,0.6889006997962619,0.8103020639560634,0.8051753919744884,0.7650699796261847
4,0.7519215478399153,0.8131791677710044,0.7590776570368407,0.7588567894690343,0.784919162470183
