,specificity1,specificity2,specificity3,specificity4,specificity5
0,0.5741935483870968,0.5789473684210527,0.5723076923076923,0.6327433628318584,0.5688775510204082
1,0.6006006006006006,0.5590361445783133,0.5717761557177615,0.6196078431372549,0.6
2,0.6045016077170418,0.6143790849673203,0.587360594795539,0.5525114155251142,0.6451612903225806
3,0.5849056603773585,0.5525672371638142,0.5731225296442688,0.6188679245283019,0.6330935251798561
4,0.5382775119617225,0.54739336492891,0.573134328358209,0.5934718100890207,0.6028368794326241
