,sensitivity1,sensitivity2,sensitivity3,sensitivity4,sensitivity5
0,0.6319444444444444,0.6345177664974619,0.6422413793103449,0.6079734219269103,0.5525672371638142
1,0.5578231292517006,0.5564102564102564,0.5534591194968553,0.5665024630541872,0.5167464114832536
2,0.5578635014836796,0.5205882352941177,0.5872576177285319,0.5595567867036011,0.5728813559322034
3,0.5464285714285714,0.5217391304347826,0.5253456221198156,0.5347222222222222,0.5371621621621622
4,0.550351288056206,0.62882096069869,0.5392953929539296,0.5576923076923077,0.6164874551971327
