,sensitivity1,sensitivity2,sensitivity3,sensitivity4,sensitivity5
0,0.6045751633986928,0.625,0.6244897959183674,0.6235294117647059,0.6113744075829384
1,0.5591397849462365,0.5714285714285714,0.5805369127516778,0.5425219941348973,0.5704918032786885
2,0.5884615384615385,0.6113074204946997,0.5855513307984791,0.5689149560117303,0.5789473684210527
3,0.5181818181818182,0.5347222222222222,0.5349544072948328,0.5156794425087108,0.5288753799392097
4,0.6291666666666667,0.6205533596837944,0.6290909090909091,0.6011396011396012,0.5862068965517241
