,sensitivity1,sensitivity2,sensitivity3,sensitivity4,sensitivity5
0,0.6755555555555556,0.6322188449848024,0.6403162055335968,0.6254071661237784,0.6341463414634146
1,0.5824561403508772,0.5779467680608364,0.5859649122807018,0.6136363636363636,0.5769230769230769
2,0.64,0.5912162162162162,0.612,0.5867507886435331,0.6490066225165563
3,0.5308219178082192,0.5879828326180258,0.5509554140127388,0.5598591549295775,0.5601503759398496
4,0.6037151702786377,0.6006711409395973,0.5774647887323944,0.6246056782334385,0.6134751773049646
