,specificity1,specificity2,specificity3,specificity4,specificity5
0,0.5862068965517241,0.6336996336996337,0.5816618911174785,0.6067796610169491,0.6
1,0.6056782334384858,0.5899705014749262,0.6088328075709779,0.6530612244897959,0.6172413793103448
2,0.6655629139072847,0.6143790849673203,0.6022727272727273,0.624561403508772,0.6766666666666666
3,0.5838709677419355,0.6016260162601627,0.6145833333333334,0.6069182389937107,0.5982142857142857
4,0.5949820788530465,0.5756578947368421,0.582995951417004,0.6140350877192983,0.578125
