,auc1,auc2,auc3,auc4,auc5
0,0.58739729658097,0.6570478840887003,0.5727316900786288,0.5651780192596518,0.4962121212121212
1,0.5789107302681739,0.5262041303411013,0.5843029358791616,0.4932542181854344,0.5852090032154341
2,0.6496349558743939,0.5767365828335377,0.6385676574218275,0.6349227387697848,0.5816958812419232
3,0.5700239170874302,0.5921250775090796,0.6241916910266632,0.5739658074231553,0.5596819913189831
4,0.6049120947080131,0.6064692110610478,0.5689217245339695,0.5920796890184645,0.5383757399063522
