,specificity1,specificity2,specificity3,specificity4,specificity5
0,0.5844594594594594,0.5769230769230769,0.5658263305322129,0.5706051873198847,0.5421994884910486
1,0.5820433436532507,0.5637755102040817,0.6118421052631579,0.5938697318007663,0.6060606060606061
2,0.5906432748538012,0.6238244514106583,0.5899705014749262,0.6206896551724138,0.6073825503355704
3,0.5845588235294118,0.5859872611464968,0.6043956043956044,0.5682539682539682,0.5970695970695971
4,0.5662983425414365,0.5673352435530086,0.5871559633027523,0.6135458167330677,0.5724381625441696
