,auc1,auc2,auc3,auc4,auc5
0,0.5349743793621344,0.5818590423182259,0.4212607120770386,0.45087905291986924,0.5883912006360986
1,0.6075070993690679,0.5919161114241832,0.5250107733616203,0.5724909117026331,0.5429553264604812
2,0.5212896384903409,0.5270552370853905,0.5626539425870085,0.503782983752499,0.47073572130731084
3,0.5040747630436708,0.5570577553370537,0.5251793781557268,0.5609664274957924,0.5782398795287449
4,0.5751501899461084,0.5538143828960156,0.5660946196660482,0.5194915628589098,0.4487366375121477
