,auc1,auc2,auc3,auc4,auc5
0,0.6100583090379008,0.624514091350826,0.5821627352239597,0.544814029507907,0.5985290219984098
1,0.5849880111821968,0.5861150705517066,0.5823250571816885,0.5761704290560324,0.5511099324869339
2,0.6251808652815976,0.6332659575643107,0.5513436495576395,0.622817190761788,0.5776754255166395
3,0.5776530250686509,0.5338050314465408,0.5844406058995483,0.5656058995482328,0.5805983700947825
4,0.5713733545366199,0.60341019524693,0.5024184998674794,0.6116927290396679,0.5124348440674971
