,sensitivity1,sensitivity2,sensitivity3,sensitivity4,sensitivity5
0,0.7845117845117845,0.7810457516339869,0.7770700636942676,0.7781350482315113,0.7592592592592593
1,0.6911764705882353,0.7310126582278481,0.729903536977492,0.7458745874587459,0.7608695652173914
2,0.7711267605633803,0.8294573643410853,0.7846715328467153,0.7712418300653595,0.75
3,0.726643598615917,0.765625,0.7594501718213058,0.7389830508474576,0.7725631768953068
4,0.8049645390070922,0.7676767676767676,0.7687074829931972,0.7744107744107744,0.7492260061919505
