,auc1,auc2,auc3,auc4,auc5
0,0.7688289601554907,0.7567475041964838,0.5837529817121654,0.7585475748741054,0.7374547221485996
1,0.705428669296472,0.7787538259245754,0.7420028507972287,0.7847537596269654,0.7853504381167059
2,0.7904834487557573,0.8176436153174945,0.792692490363056,0.662734572605675,0.7510631012735125
3,0.7626450527061742,0.7361923110993003,0.7428913101249004,0.701468243422801,0.7548830720170078
4,0.6731049562682216,0.6928836469652797,0.7603586889301174,0.6918566127749801,0.7373001148511351
