,specificity1,specificity2,specificity3,specificity4,specificity5
0,0.7245508982035929,0.7126099706744868,0.7243589743589743,0.7697594501718213,0.7284345047923323
1,0.7214484679665738,0.7378048780487805,0.7372881355932204,0.7257142857142858,0.6931216931216931
2,0.77,0.7873754152823921,0.745398773006135,0.7331378299120235,0.7261904761904762
3,0.750733137829912,0.7804878048780488,0.7379518072289156,0.7387096774193549,0.8148148148148148
4,0.7623762376237624,0.7008547008547008,0.7195121951219512,0.7887323943661971,0.7468354430379747
