,auc1,auc2,auc3,auc4,auc5
0,0.7899549430161674,0.8036487322201608,0.7651625585299056,0.807624348440675,0.8084526018199487
1,0.6878487530524524,0.7003900509386636,0.7671959425862698,0.6334405144694534,0.6681141644843703
2,0.7929796657720048,0.8168152247147575,0.8237847509857847,0.6574660083722677,0.7900968664744801
3,0.7230822039153157,0.7605301621047037,0.7357272566214899,0.7763641598015766,0.7480290548321376
4,0.5864254792826222,0.6958653591306652,0.7231093736195776,0.818767117236505,0.8119643961480696
