,specificity1,specificity2,specificity3,specificity4,specificity5
0,0.7949640287769785,0.7151515151515152,0.734375,0.7523809523809524,0.7785467128027682
1,0.7461300309597523,0.7397660818713451,0.6892950391644909,0.7507418397626113,0.7368421052631579
2,0.7236467236467237,0.8047945205479452,0.7741935483870968,0.7947761194029851,0.7235294117647059
3,0.7677902621722846,0.7583081570996979,0.7729083665338645,0.7643312101910829,0.7366863905325444
4,0.7793594306049823,0.7415384615384616,0.7864768683274022,0.7088235294117647,0.6920980926430518
