,specificity1,specificity2,specificity3,specificity4,specificity5
0,0.7532894736842105,0.760797342192691,0.7539936102236422,0.7370030581039755,0.7921146953405018
1,0.7952218430034129,0.7878787878787878,0.7845117845117845,0.7732919254658385,0.7365269461077845
2,0.7211267605633803,0.7964285714285714,0.8014184397163121,0.7868852459016393,0.7418397626112759
3,0.7766323024054983,0.7854671280276817,0.7896551724137931,0.7781350482315113,0.7845117845117845
4,0.7735191637630662,0.761437908496732,0.7827586206896552,0.7746478873239436,0.764505119453925
