,sensitivity1,sensitivity2,sensitivity3,sensitivity4,sensitivity5
0,0.7818791946308725,0.7840531561461794,0.7993079584775087,0.8072727272727273,0.7739938080495357
1,0.7475728155339806,0.7475409836065574,0.7442622950819672,0.7785714285714286,0.7574626865671642
2,0.7854251012145749,0.7329192546583851,0.740625,0.7676767676767676,0.7773584905660378
3,0.7041800643086816,0.7092651757188498,0.7147435897435898,0.738831615120275,0.7213114754098361
4,0.7714285714285715,0.793918918918919,0.7852564102564102,0.7672955974842768,0.7734627831715211
