,auc1,auc2,auc3,auc4,auc5
0,0.7400278293135436,0.8125828253379274,0.7969674882940189,0.7959735842388903,0.8080219100627265
1,0.801361310924741,0.8285322814112551,0.8173058861228053,0.7858808189964751,0.8217257267875493
2,0.7291714989451825,0.8128279046135835,0.8157880203673636,0.793542971381866,0.71935230900074
3,0.793095048277084,0.7678935246700327,0.8205332624678893,0.8097705731242802,0.7974466294623085
4,0.8112797066878699,0.6749381570810142,0.7793422563830728,0.8040131637070412,0.7887843449067939
