,specificity1,specificity2,specificity3,specificity4,specificity5
0,0.7540983606557377,0.7668918918918919,0.7777777777777778,0.7731958762886598,0.7769784172661871
1,0.7862595419847328,0.7902097902097902,0.7800687285223368,0.782608695652174,0.7515337423312883
2,0.7672955974842768,0.7703488372093024,0.7621951219512195,0.8074324324324325,0.8201438848920863
3,0.7635782747603834,0.7456647398843931,0.797427652733119,0.7850162866449512,0.7846153846153846
4,0.746875,0.7377049180327869,0.7337662337662337,0.7442622950819672,0.7634408602150538
