,auc1,auc2,auc3,auc4,auc5
0,0.7867413199045853,0.8112686633094797,0.8205671879141267,0.7430426716141002,0.7405358247194982
1,0.6052750798333719,0.7961679981436669,0.8114385476403575,0.7660467840134363,0.7832731130042763
2,0.6824944497829617,0.5920452411721175,0.7657753183781216,0.7394656328351945,0.8037597888156223
3,0.772366905837541,0.7570201080698025,0.7617260164762159,0.7494574364425546,0.7825759588980424
4,0.6335034013605442,0.63370218217157,0.8160725329092675,0.8178836469652796,0.676638837353123
