,sensitivity1,sensitivity2,sensitivity3,sensitivity4,sensitivity5
0,0.7746913580246914,0.7867647058823529,0.7907801418439716,0.8013937282229965,0.7795527156549521
1,0.7491039426523297,0.7769230769230769,0.7853881278538812,0.7811320754716982,0.7383512544802867
2,0.7808764940239044,0.7612903225806451,0.7636986301369864,0.7125748502994012,0.7595419847328244
3,0.6626865671641791,0.7527675276752768,0.6467236467236467,0.7291666666666666,0.7386363636363636
4,0.7663551401869159,0.8086642599277978,0.7725856697819314,0.7977099236641222,0.8297872340425532
