,sensitivity1,sensitivity2,sensitivity3,sensitivity4,sensitivity5
0,0.8059701492537313,0.8045977011494253,0.7655172413793103,0.77491961414791,0.7716262975778547
1,0.7860082304526749,0.7481751824817519,0.7983870967741935,0.7738095238095238,0.78125
2,0.7417218543046358,0.760797342192691,0.7608695652173914,0.7739463601532567,0.7556390977443609
3,0.7624521072796935,0.7015873015873015,0.7296296296296296,0.6952054794520548,0.7048192771084337
4,0.7892976588628763,0.8087649402390438,0.7883211678832117,0.779874213836478,0.7972027972027972
