,specificity1,specificity2,specificity3,specificity4,specificity5
0,0.7573529411764706,0.7686567164179104,0.7766666666666666,0.7174603174603175,0.7370030581039755
1,0.7283582089552239,0.7469879518072289,0.7759197324414716,0.7024128686327078,0.7111716621253406
2,0.7451612903225806,0.7485029940119761,0.7532467532467533,0.7661016949152543,0.750733137829912
3,0.736231884057971,0.759075907590759,0.7566765578635015,0.7575757575757576,0.7142857142857143
4,0.7530864197530864,0.7483870967741936,0.7714285714285715,0.7404129793510325,0.7420382165605095
