,auc1,auc2,auc3,auc4,auc5
0,0.8050070677621698,0.8055371499249051,0.8140736814206202,0.8474357275377683,0.8038033395176253
1,0.8219688180241104,0.8127313510347953,0.8047093402282847,0.8120352261300978,0.7904443044828235
2,0.823387123496471,0.8156444326628891,0.8123860962921237,0.8316268486916949,0.7874018357135757
3,0.771104615112056,0.7874590309150501,0.8045110284347595,0.7868943219062805,0.7940583754096908
4,0.8263097446770915,0.8004903260005302,0.8433165473981801,0.8392857142857142,0.8021026592455164
