,sensitivity1,sensitivity2,sensitivity3,sensitivity4,sensitivity5
0,0.7333333333333333,0.7365269461077845,0.7980132450331126,0.7630662020905923,0.8072727272727273
1,0.7490636704119851,0.7666666666666667,0.7392739273927392,0.7860262008733624,0.7872340425531915
2,0.7328767123287672,0.7798507462686567,0.7380952380952381,0.7296416938110749,0.7969348659003831
3,0.7509727626459144,0.705685618729097,0.7622641509433963,0.75,0.7181467181467182
4,0.8201438848920863,0.7876712328767124,0.8222996515679443,0.8365019011406845,0.7881944444444444
