,auc1,auc2,auc3,auc4,auc5
0,0.6827880512091038,0.6907005689900427,0.7580014224751066,0.7208837126600284,0.6775871266002844
1,0.7798660714285715,0.7375892857142857,0.7482589285714286,0.7535714285714284,0.7585714285714286
2,0.7341540657478032,0.7406663990365316,0.677594897185423,0.7473571524153619,0.7492305633614345
3,0.7310344827586207,0.747230255839822,0.7578197997775306,0.7848720800889877,0.6409343715239154
4,0.7101951891867857,0.7081499266373215,0.7538570983949135,0.6984571606420344,0.7045040238317548
