,specificity1,specificity2
0,0.7587939698492462,0.7589743589743589
1,0.7525773195876289,0.75
