,specificity1,specificity2,specificity3,specificity4,specificity5
0,0.7062937062937062,0.6524390243902439,0.673202614379085,0.6842105263157895,0.6623376623376623
1,0.7421383647798742,0.7337662337662337,0.756578947368421,0.7559523809523809,0.7608695652173914
2,0.7588652482269503,0.743421052631579,0.7567567567567568,0.777027027027027,0.7025316455696202
3,0.7236842105263158,0.7345679012345679,0.740506329113924,0.7307692307692307,0.7346938775510204
4,0.7105263157894737,0.6830985915492958,0.7124183006535948,0.6835443037974683,0.6578947368421053
