,auc1,auc2
0,0.7986375,0.7801375
1,0.7660913070669169,0.7878424015009381
