,sensitivity1,sensitivity2,sensitivity3,sensitivity4,sensitivity5
0,0.7006369426751592,0.6985294117647058,0.6938775510204082,0.7027027027027027,0.684931506849315
1,0.7021276595744681,0.678082191780822,0.6959459459459459,0.75,0.6604938271604939
2,0.6729559748427673,0.6891891891891891,0.6907894736842105,0.7105263157894737,0.6619718309859155
3,0.6959459459459459,0.7391304347826086,0.7323943661971831,0.7152777777777778,0.6928104575163399
4,0.7364864864864865,0.6835443037974683,0.7414965986394558,0.7253521126760564,0.6824324324324325
