,sensitivity1,sensitivity2
0,0.7562189054726368,0.7463414634146341
1,0.7135922330097088,0.7346938775510204
